{"cameraMode":{"drawMode":0,"name":"Shaded","section":"Shading Mode"},"sceneLighting":true,"audioPlay":false,"sceneViewState":{"showFog":true,"showMaterialUpdate":false,"showSkybox":true,"showFlares":true,"showImageEffects":true,"showParticleSystems":true},"in2DMode":false,"pivot":{"x":-0.25244274735450747,"y":0.6892677545547485,"z":-6.30242919921875},"rotation":{"x":0.11822068691253662,"y":-0.006554114632308483,"z":0.0007877891766838729,"w":0.992973268032074},"size":1.8073949813842774,"orthographic":false}